dataset_id,short_name,column_index,variable_name,privacy_role,role_rationale,semantic_description,measurement_level,unit,coding_or_expected_range,observed_values_summary,nonmissing_count,missing_count,missing_rate,unique_count,scenario_membership,derived_formula,semantic_source,semantic_status,source_url
D1,BMI_Depression,1,Age,quasi_identifier,plausibly linkable background attribute under the stated auxiliary-knowledge model,Participant age band.,ordinal categorical,,18-30; 31-40; 41-50; 51-60 years,From 18 to 30.; From 31 to 40.; From 41 to 50.; From 51 to 60.,4683,0,0.0,4,extended;core;coarse,,repository description,confirmed_column_header,https://data.mendeley.com/datasets/wrwtvtppgd/1
D1,BMI_Depression,2,Gender,quasi_identifier,plausibly linkable background attribute under the stated auxiliary-knowledge model,Self-reported gender.,nominal categorical,,,Female; Male,4683,0,0.0,2,extended;core;coarse,,column header and repository description,confirmed_column_header,https://data.mendeley.com/datasets/wrwtvtppgd/1
D1,BMI_Depression,3,Marital status,quasi_identifier,plausibly linkable background attribute under the stated auxiliary-knowledge model,Self-reported marital-status category.,nominal categorical,,,Divorced; Married; Single; Widowed,4683,0,0.0,4,extended;core;coarse,,column header,confirmed_column_header,https://data.mendeley.com/datasets/wrwtvtppgd/1
D1,BMI_Depression,4,Nationality,other,not used by the current privacy-role configuration,Participant nationality; constant Saudi in the deposited analytic file.,nominal categorical,,,Saudi,4683,0,0.0,1,,,column header and observed file,confirmed_column_header,https://data.mendeley.com/datasets/wrwtvtppgd/1
D1,BMI_Depression,5,Region,quasi_identifier,plausibly linkable background attribute under the stated auxiliary-knowledge model,"Saudi administrative region grouped as western, southern, eastern, northern, or central.",nominal categorical,,,Central Region; Eastern Region; North Region; Southern Region; Western Region,4683,0,0.0,5,extended;core;coarse,,repository description,confirmed_column_header,https://data.mendeley.com/datasets/wrwtvtppgd/1
D1,BMI_Depression,6,Educational level,quasi_identifier,plausibly linkable background attribute under the stated auxiliary-knowledge model,Highest reported educational-level category.,ordinal categorical,,,High school /Diploma; Middle school; Postgraduate; Primary school; University,4683,0,0.0,5,extended;core;coarse,,repository description,confirmed_column_header,https://data.mendeley.com/datasets/wrwtvtppgd/1
D1,BMI_Depression,7,Occupation,quasi_identifier,plausibly linkable background attribute under the stated auxiliary-knowledge model,Reported employment or activity category.,nominal categorical,,,Do not work; In the government sector; In the private sector; Retired; Student,4683,0,0.0,5,extended;core,,repository description,confirmed_column_header,https://data.mendeley.com/datasets/wrwtvtppgd/1
D1,BMI_Depression,8,Family income per month,quasi_identifier,plausibly linkable background attribute under the stated auxiliary-knowledge model,Monthly household income band in Saudi riyals.,ordinal categorical,SAR/month,,"(5000 - 10,000) riyals; Less than (5000) riyals; More than (10,000) riyals",4683,0,0.0,3,extended;core,,repository description,confirmed_column_header,https://data.mendeley.com/datasets/wrwtvtppgd/1
D1,BMI_Depression,9,Weight/kg,quasi_identifier,plausibly linkable background attribute under the stated auxiliary-knowledge model,Self-reported body weight.,continuous numeric,kg,,min=22; max=300; 155 distinct,4683,0,0.0,155,extended,,repository description,confirmed_column_header,https://data.mendeley.com/datasets/wrwtvtppgd/1
D1,BMI_Depression,10,Hight/cm,quasi_identifier,plausibly linkable background attribute under the stated auxiliary-knowledge model,Self-reported height; source column retains the misspelling 'Hight'.,continuous numeric,cm,,min=140; max=268; 68 distinct,4683,0,0.0,68,extended,,repository description,confirmed_column_header,https://data.mendeley.com/datasets/wrwtvtppgd/1
D1,BMI_Depression,11,BMI,sensitive,configured outcome or health/psychological attribute used for attribute-disclosure checks,Body mass index computed as weight in kilograms divided by squared height in metres.,continuous numeric,kg/m^2,,min=9.18274; max=112.914; 1765 distinct,4683,0,0.0,1765,,,repository description,confirmed_column_header,https://data.mendeley.com/datasets/wrwtvtppgd/1
D1,BMI_Depression,12,Do you smoke?,quasi_identifier;sensitive,configured outcome or health/psychological attribute used for attribute-disclosure checks; plausibly linkable background attribute under the stated auxiliary-knowledge model,Current or former smoking-status category.,nominal categorical,,,No; Yes; ex smoker,4683,0,0.0,3,extended,,column header,confirmed_column_header,https://data.mendeley.com/datasets/wrwtvtppgd/1
D1,BMI_Depression,13,Do you have chronic diseases?,sensitive,configured outcome or health/psychological attribute used for attribute-disclosure checks,Reported physician-diagnosed chronic-disease category or combination.,multi-response categorical,,,39 observed categories/text values; not enumerated,4683,0,0.0,39,,,repository description,confirmed_column_header,https://data.mendeley.com/datasets/wrwtvtppgd/1
D1,BMI_Depression,14,Q 1,item_level,fine-grained response item contributing to a potentially distinctive response pattern,Beck Depression Inventory-II response score for item 1; item wording is not reproduced in the repository workbook.,ordinal item score,0-3 points,0=no symptom to 3=severe symptom,0; 1; 2; 3,4683,0,0.0,4,,,repository description,confirmed_repository_description,https://data.mendeley.com/datasets/wrwtvtppgd/1
D1,BMI_Depression,15,Q 2,item_level,fine-grained response item contributing to a potentially distinctive response pattern,Beck Depression Inventory-II response score for item 2; item wording is not reproduced in the repository workbook.,ordinal item score,0-3 points,0=no symptom to 3=severe symptom,0; 1; 2; 3,4683,0,0.0,4,,,repository description,confirmed_repository_description,https://data.mendeley.com/datasets/wrwtvtppgd/1
D1,BMI_Depression,16,Q 3,item_level,fine-grained response item contributing to a potentially distinctive response pattern,Beck Depression Inventory-II response score for item 3; item wording is not reproduced in the repository workbook.,ordinal item score,0-3 points,0=no symptom to 3=severe symptom,0; 1; 2; 3,4683,0,0.0,4,,,repository description,confirmed_repository_description,https://data.mendeley.com/datasets/wrwtvtppgd/1
D1,BMI_Depression,17,Q 4,item_level,fine-grained response item contributing to a potentially distinctive response pattern,Beck Depression Inventory-II response score for item 4; item wording is not reproduced in the repository workbook.,ordinal item score,0-3 points,0=no symptom to 3=severe symptom,0; 1; 2; 3,4683,0,0.0,4,,,repository description,confirmed_repository_description,https://data.mendeley.com/datasets/wrwtvtppgd/1
D1,BMI_Depression,18,Q 5,item_level,fine-grained response item contributing to a potentially distinctive response pattern,Beck Depression Inventory-II response score for item 5; item wording is not reproduced in the repository workbook.,ordinal item score,0-3 points,0=no symptom to 3=severe symptom,0; 1; 2; 3,4683,0,0.0,4,,,repository description,confirmed_repository_description,https://data.mendeley.com/datasets/wrwtvtppgd/1
D1,BMI_Depression,19,Q 6,item_level,fine-grained response item contributing to a potentially distinctive response pattern,Beck Depression Inventory-II response score for item 6; item wording is not reproduced in the repository workbook.,ordinal item score,0-3 points,0=no symptom to 3=severe symptom,0; 1; 2; 3,4683,0,0.0,4,,,repository description,confirmed_repository_description,https://data.mendeley.com/datasets/wrwtvtppgd/1
D1,BMI_Depression,20,Q 7,item_level,fine-grained response item contributing to a potentially distinctive response pattern,Beck Depression Inventory-II response score for item 7; item wording is not reproduced in the repository workbook.,ordinal item score,0-3 points,0=no symptom to 3=severe symptom,0; 1; 2; 3,4683,0,0.0,4,,,repository description,confirmed_repository_description,https://data.mendeley.com/datasets/wrwtvtppgd/1
D1,BMI_Depression,21,Q 8,item_level,fine-grained response item contributing to a potentially distinctive response pattern,Beck Depression Inventory-II response score for item 8; item wording is not reproduced in the repository workbook.,ordinal item score,0-3 points,0=no symptom to 3=severe symptom,0; 1; 2; 3,4683,0,0.0,4,,,repository description,confirmed_repository_description,https://data.mendeley.com/datasets/wrwtvtppgd/1
D1,BMI_Depression,22,Q 9,item_level,fine-grained response item contributing to a potentially distinctive response pattern,Beck Depression Inventory-II response score for item 9; item wording is not reproduced in the repository workbook.,ordinal item score,0-3 points,0=no symptom to 3=severe symptom,0; 1; 2; 3,4683,0,0.0,4,,,repository description,confirmed_repository_description,https://data.mendeley.com/datasets/wrwtvtppgd/1
D1,BMI_Depression,23,Q 10,item_level,fine-grained response item contributing to a potentially distinctive response pattern,Beck Depression Inventory-II response score for item 10; item wording is not reproduced in the repository workbook.,ordinal item score,0-3 points,0=no symptom to 3=severe symptom,0; 1; 2; 3,4683,0,0.0,4,,,repository description,confirmed_repository_description,https://data.mendeley.com/datasets/wrwtvtppgd/1
D1,BMI_Depression,24,Q 11,item_level,fine-grained response item contributing to a potentially distinctive response pattern,Beck Depression Inventory-II response score for item 11; item wording is not reproduced in the repository workbook.,ordinal item score,0-3 points,0=no symptom to 3=severe symptom,0; 1; 2; 3,4683,0,0.0,4,,,repository description,confirmed_repository_description,https://data.mendeley.com/datasets/wrwtvtppgd/1
D1,BMI_Depression,25,Q 12,item_level,fine-grained response item contributing to a potentially distinctive response pattern,Beck Depression Inventory-II response score for item 12; item wording is not reproduced in the repository workbook.,ordinal item score,0-3 points,0=no symptom to 3=severe symptom,0; 1; 2; 3,4683,0,0.0,4,,,repository description,confirmed_repository_description,https://data.mendeley.com/datasets/wrwtvtppgd/1
D1,BMI_Depression,26,Q 13,item_level,fine-grained response item contributing to a potentially distinctive response pattern,Beck Depression Inventory-II response score for item 13; item wording is not reproduced in the repository workbook.,ordinal item score,0-3 points,0=no symptom to 3=severe symptom,0; 1; 2; 3,4683,0,0.0,4,,,repository description,confirmed_repository_description,https://data.mendeley.com/datasets/wrwtvtppgd/1
D1,BMI_Depression,27,Q 14,item_level,fine-grained response item contributing to a potentially distinctive response pattern,Beck Depression Inventory-II response score for item 14; item wording is not reproduced in the repository workbook.,ordinal item score,0-3 points,0=no symptom to 3=severe symptom,0; 1; 2; 3,4683,0,0.0,4,,,repository description,confirmed_repository_description,https://data.mendeley.com/datasets/wrwtvtppgd/1
D1,BMI_Depression,28,Q 15,item_level,fine-grained response item contributing to a potentially distinctive response pattern,Beck Depression Inventory-II response score for item 15; item wording is not reproduced in the repository workbook.,ordinal item score,0-3 points,0=no symptom to 3=severe symptom,0; 1; 2; 3,4683,0,0.0,4,,,repository description,confirmed_repository_description,https://data.mendeley.com/datasets/wrwtvtppgd/1
D1,BMI_Depression,29,Q 16,item_level,fine-grained response item contributing to a potentially distinctive response pattern,Beck Depression Inventory-II response score for item 16; item wording is not reproduced in the repository workbook.,ordinal item score,0-3 points,0=no symptom to 3=severe symptom,0; 1; 2; 3,4683,0,0.0,4,,,repository description,confirmed_repository_description,https://data.mendeley.com/datasets/wrwtvtppgd/1
D1,BMI_Depression,30,Q 17,item_level,fine-grained response item contributing to a potentially distinctive response pattern,Beck Depression Inventory-II response score for item 17; item wording is not reproduced in the repository workbook.,ordinal item score,0-3 points,0=no symptom to 3=severe symptom,0; 1; 2; 3,4683,0,0.0,4,,,repository description,confirmed_repository_description,https://data.mendeley.com/datasets/wrwtvtppgd/1
D1,BMI_Depression,31,Q 18,item_level,fine-grained response item contributing to a potentially distinctive response pattern,Beck Depression Inventory-II response score for item 18; item wording is not reproduced in the repository workbook.,ordinal item score,0-3 points,0=no symptom to 3=severe symptom,0; 1; 2; 3,4683,0,0.0,4,,,repository description,confirmed_repository_description,https://data.mendeley.com/datasets/wrwtvtppgd/1
D1,BMI_Depression,32,Q 19,item_level,fine-grained response item contributing to a potentially distinctive response pattern,Beck Depression Inventory-II response score for item 19; item wording is not reproduced in the repository workbook.,ordinal item score,0-3 points,0=no symptom to 3=severe symptom,0; 1; 2; 3,4683,0,0.0,4,,,repository description,confirmed_repository_description,https://data.mendeley.com/datasets/wrwtvtppgd/1
D1,BMI_Depression,33,Q 20,item_level,fine-grained response item contributing to a potentially distinctive response pattern,Beck Depression Inventory-II response score for item 20; item wording is not reproduced in the repository workbook.,ordinal item score,0-3 points,0=no symptom to 3=severe symptom,0; 1; 2; 3,4683,0,0.0,4,,,repository description,confirmed_repository_description,https://data.mendeley.com/datasets/wrwtvtppgd/1
D1,BMI_Depression,34,Q 21,item_level,fine-grained response item contributing to a potentially distinctive response pattern,Beck Depression Inventory-II response score for item 21; item wording is not reproduced in the repository workbook.,ordinal item score,0-3 points,0=no symptom to 3=severe symptom,0; 1; 2; 3,4683,0,0.0,4,,,repository description,confirmed_repository_description,https://data.mendeley.com/datasets/wrwtvtppgd/1
D1,BMI_Depression,35,Depression score,sensitive,configured outcome or health/psychological attribute used for attribute-disclosure checks,Sum of the 21 Beck Depression Inventory-II item scores; higher values represent more severe symptoms.,integer score,0-63 points,sum(Q1..Q21),min=0; max=63; 59 distinct,4683,0,0.0,59,,sum(Q 1..Q 21),repository description and row-wise verification,derived_and_empirically_verified,https://data.mendeley.com/datasets/wrwtvtppgd/1
D2,GLP1,1,Timestamp,structural_identifier,identifier-like or operational field excluded from public release candidates,Survey submission timestamp. Treated conservatively as a direct/operational identifier because it is record-unique.,datetime text,,,513 distinct nonmissing values; contents suppressed,513,0,0.0,513,,,column header and observed file,confirmed_column_header,https://data.mendeley.com/datasets/y7rbxs53g9/1
D2,GLP1,2,Do you agree to participate in the survey?,other,not used by the current privacy-role configuration,Do you agree to participate in the survey?,categorical text,,,Yes; no,513,0,0.0,2,,,self-describing column header,confirmed_column_header,https://data.mendeley.com/datasets/y7rbxs53g9/1
D2,GLP1,3,Researcher's number,structural_identifier,identifier-like or operational field excluded from public release candidates,Operational researcher or collector code. Treated conservatively as an identifier-like field despite low cardinality.,nominal code,,,4 distinct nonmissing values; contents suppressed,513,0,0.0,4,,,column header and observed file,confirmed_column_header,https://data.mendeley.com/datasets/y7rbxs53g9/1
D2,GLP1,4,Age,quasi_identifier,plausibly linkable background attribute under the stated auxiliary-knowledge model,Participant age band.,ordinal categorical,,,• 18-25; • 26-35; • 36-46; • Over 46 years,513,0,0.0,4,extended;core;coarse,,column header and repository description,confirmed_column_header,https://data.mendeley.com/datasets/y7rbxs53g9/1
D2,GLP1,5,Sex,quasi_identifier,plausibly linkable background attribute under the stated auxiliary-knowledge model,Self-reported sex category.,nominal categorical,,,• female; • male,513,0,0.0,2,extended;core;coarse,,column header and repository description,confirmed_column_header,https://data.mendeley.com/datasets/y7rbxs53g9/1
D2,GLP1,6,Weight,quasi_identifier,plausibly linkable background attribute under the stated auxiliary-knowledge model,Self-reported body-weight band.,ordinal categorical,kg,,• 50-69 kg; • 70-90 kg; • Less than 50 kg; • More than 90,513,0,0.0,4,extended,,column header and repository description,confirmed_column_header,https://data.mendeley.com/datasets/y7rbxs53g9/1
D2,GLP1,7,Height,quasi_identifier,plausibly linkable background attribute under the stated auxiliary-knowledge model,Self-reported height band.,ordinal categorical,cm,,Less than 150 cm; • 150-169 cm; • 170-190 cm; • More than 190,513,0,0.0,4,extended,,column header and repository description,confirmed_column_header,https://data.mendeley.com/datasets/y7rbxs53g9/1
D2,GLP1,8,Marital status,quasi_identifier,plausibly linkable background attribute under the stated auxiliary-knowledge model,Self-reported marital-status category.,nominal categorical,,,• Absolute; • Widower; • bachelor; • married,513,0,0.0,4,extended;core,,column header and repository description,confirmed_column_header,https://data.mendeley.com/datasets/y7rbxs53g9/1
D2,GLP1,9,Educational status,quasi_identifier,plausibly linkable background attribute under the stated auxiliary-knowledge model,Educational status,categorical text,,,He did not complete his education.; Secondary; • Elementary; • Intermediate; • University or higher,513,0,0.0,5,extended;core;coarse,,self-describing column header,confirmed_column_header,https://data.mendeley.com/datasets/y7rbxs53g9/1
D2,GLP1,10,Job status,quasi_identifier,plausibly linkable background attribute under the stated auxiliary-knowledge model,Employment or activity-status category.,nominal categorical,,,• Does not work; • Government employee; • Private sector employee; • Retired; • Student,513,0,0.0,5,extended;core,,column header and repository description,confirmed_column_header,https://data.mendeley.com/datasets/y7rbxs53g9/1
D2,GLP1,11,Do you have health insurance?,quasi_identifier,plausibly linkable background attribute under the stated auxiliary-knowledge model,Do you have health insurance?,categorical text,,,• Yes; • no,513,0,0.0,2,extended,,self-describing column header,confirmed_column_header,https://data.mendeley.com/datasets/y7rbxs53g9/1
D2,GLP1,12,monthly income,quasi_identifier,plausibly linkable background attribute under the stated auxiliary-knowledge model,Monthly income band in Saudi riyals.,ordinal categorical,SAR/month,,"• From 5000-10000; • Less than 5000 riyals; • More than 10,000",513,0,0.0,3,extended,,column header and repository description,confirmed_column_header,https://data.mendeley.com/datasets/y7rbxs53g9/1
D2,GLP1,13,Do you suffer from any chronic illness?,sensitive,configured outcome or health/psychological attribute used for attribute-disclosure checks,Do you suffer from any chronic illness?,categorical text,,,24 observed categories/text values; not enumerated,513,0,0.0,24,,,self-describing column header,confirmed_column_header,https://data.mendeley.com/datasets/y7rbxs53g9/1
D2,GLP1,14,City,quasi_identifier,plausibly linkable background attribute under the stated auxiliary-knowledge model,Reported city category. Several English labels and spreadsheet-error tokens require depositor confirmation before substantive analysis.,nominal categorical,,,#VALUE!; • Funny; • Juniper; • Other,513,0,0.0,4,extended;core,,column header and observed file,needs_author_confirmation,https://data.mendeley.com/datasets/y7rbxs53g9/1
D2,GLP1,15,Did you know that it is possible to use some diabetes medications for weight loss?,other,not used by the current privacy-role configuration,Did you know that it is possible to use some diabetes medications for weight loss?,categorical text,,,I don't know; Yes; no,513,0,0.0,3,,,self-describing column header,confirmed_column_header,https://data.mendeley.com/datasets/y7rbxs53g9/1
D2,GLP1,16,"If the answer is yes, which of these medications can be used? More than one answer can be selected.",other,not used by the current privacy-role configuration,"If the answer is yes, which of these medications can be used? More than one answer can be selected.",high-cardinality text,,,43 observed categories/text values; not enumerated,513,0,0.0,43,,,self-describing column header,confirmed_column_header,https://data.mendeley.com/datasets/y7rbxs53g9/1
D2,GLP1,17,"Which of the following medications is approved for weight loss by regulatory bodies, such as the U.S. Food and Drug Administration (FDA)? You can select more than one answer.",other,not used by the current privacy-role configuration,"Which of the following medications is approved for weight loss by regulatory bodies, such as the U.S. Food and Drug Administration (FDA)? You can select more than one answer.",high-cardinality text,,,40 observed categories/text values; not enumerated,513,0,0.0,40,,,self-describing column header,confirmed_column_header,https://data.mendeley.com/datasets/y7rbxs53g9/1
D2,GLP1,18,What are the side effects of these medications? You can choose more than one.,other,not used by the current privacy-role configuration,What are the side effects of these medications? You can choose more than one.,high-cardinality text,,,139 observed categories/text values; not enumerated,513,0,0.0,139,,,self-describing column header,confirmed_column_header,https://data.mendeley.com/datasets/y7rbxs53g9/1
D2,GLP1,19,What is the source of your information regarding the effectiveness of these medications in weight loss?,other,not used by the current privacy-role configuration,What is the source of your information regarding the effectiveness of these medications in weight loss?,categorical text,,,15 observed categories/text values; not enumerated,513,0,0.0,15,,,self-describing column header,confirmed_column_header,https://data.mendeley.com/datasets/y7rbxs53g9/1
D2,GLP1,20,There is sufficient oversight from the relevant authorities regarding the dispensing of diabetes medications used for weight loss.,other,not used by the current privacy-role configuration,There is sufficient oversight from the relevant authorities regarding the dispensing of diabetes medications used for weight loss.,categorical text,,,I agree; I disagree; • I strongly agree; • I strongly disagree; • Neutral,513,0,0.0,5,,,self-describing column header,confirmed_column_header,https://data.mendeley.com/datasets/y7rbxs53g9/1
D2,GLP1,21,"These medications can be used for weight loss, but only under medical supervision.",item_level,fine-grained response item contributing to a potentially distinctive response pattern,"These medications can be used for weight loss, but only under medical supervision.",categorical text,,,I agree; I disagree; • I strongly agree; • I strongly disagree; • Neutral,513,0,0.0,5,,,self-describing column header,confirmed_column_header,https://data.mendeley.com/datasets/y7rbxs53g9/1
D2,GLP1,22,Using these medications is the first and best option for weight loss.,other,not used by the current privacy-role configuration,Using these medications is the first and best option for weight loss.,categorical text,,,I agree; I disagree; • I strongly agree; • I strongly disagree; • Neutral,513,0,0.0,5,,,self-describing column header,confirmed_column_header,https://data.mendeley.com/datasets/y7rbxs53g9/1
D2,GLP1,23,These medications help you make the necessary lifestyle changes to lose weight and improve your health.,item_level,fine-grained response item contributing to a potentially distinctive response pattern,These medications help you make the necessary lifestyle changes to lose weight and improve your health.,categorical text,,,I agree; I disagree; • I strongly agree; • I strongly disagree; • Neutral,513,0,0.0,5,,,self-describing column header,confirmed_column_header,https://data.mendeley.com/datasets/y7rbxs53g9/1
D2,GLP1,24,These medications are considered safe and can be used without complications.,item_level,fine-grained response item contributing to a potentially distinctive response pattern,These medications are considered safe and can be used without complications.,categorical text,,,I agree; I disagree; • I strongly agree; • I strongly disagree; • Neutral,513,0,0.0,5,,,self-describing column header,confirmed_column_header,https://data.mendeley.com/datasets/y7rbxs53g9/1
D2,GLP1,25,The effectiveness of these medications in weight loss is guaranteed.,other,not used by the current privacy-role configuration,The effectiveness of these medications in weight loss is guaranteed.,categorical text,,,I agree; I disagree; • I strongly agree; • I strongly disagree; • Neutral,513,0,0.0,5,,,self-describing column header,confirmed_column_header,https://data.mendeley.com/datasets/y7rbxs53g9/1
D2,GLP1,26,The long-lasting effectiveness of these drugs,other,not used by the current privacy-role configuration,The long-lasting effectiveness of these drugs,categorical text,,,I agree; I disagree; • I strongly agree; • I strongly disagree; • Neutral,513,0,0.0,5,,,self-describing column header,confirmed_column_header,https://data.mendeley.com/datasets/y7rbxs53g9/1
D2,GLP1,27,Have you used any weight loss medications in the past twelve months?,sensitive,configured outcome or health/psychological attribute used for attribute-disclosure checks,Have you used any weight loss medications in the past twelve months?,categorical text,,,Yes; no,513,0,0.0,2,,,self-describing column header,confirmed_column_header,https://data.mendeley.com/datasets/y7rbxs53g9/1
D2,GLP1,28,Which of the following diabetes medications did you use to lose weight?,other,not used by the current privacy-role configuration,Which of the following diabetes medications did you use to lose weight?,categorical text,,,Glucophage; I didn't use; Mogaro; Ozmebek; Saxenda,513,0,0.0,5,,,self-describing column header,confirmed_column_header,https://data.mendeley.com/datasets/y7rbxs53g9/1
D2,GLP1,29,What other methods do you usually use to lose weight besides diabetes medication?,other,not used by the current privacy-role configuration,What other methods do you usually use to lose weight besides diabetes medication?,categorical text,,,25 observed categories/text values; not enumerated,513,0,0.0,25,,,self-describing column header,confirmed_column_header,https://data.mendeley.com/datasets/y7rbxs53g9/1
D2,GLP1,30,Where do you get these medicines?,other,not used by the current privacy-role configuration,Where do you get these medicines?,categorical text,,,#VALUE!; Family and friends; hospital; pharmacy; social media,513,0,0.0,5,,,self-describing column header,confirmed_column_header,https://data.mendeley.com/datasets/y7rbxs53g9/1
D2,GLP1,31,Have you had difficulty obtaining these medications recently?,other,not used by the current privacy-role configuration,Have you had difficulty obtaining these medications recently?,categorical text,,,#VALUE!; Yes; no,513,0,0.0,3,,,self-describing column header,confirmed_column_header,https://data.mendeley.com/datasets/y7rbxs53g9/1
D2,GLP1,32,"If you have previously used these medications, how much weight (kg) did you lose?",other,not used by the current privacy-role configuration,"If you have previously used these medications, how much weight (kg) did you lose?",high-cardinality text,,,92 observed categories/text values; not enumerated,513,0,0.0,92,,,self-describing column header,confirmed_column_header,https://data.mendeley.com/datasets/y7rbxs53g9/1
D2,GLP1,33,Do you check the source of these medicines when you buy them?,other,not used by the current privacy-role configuration,Do you check the source of these medicines when you buy them?,categorical text,,,#VALUE!; Yes; no,513,0,0.0,3,,,self-describing column header,confirmed_column_header,https://data.mendeley.com/datasets/y7rbxs53g9/1
D2,GLP1,34,Did you consult a doctor before using these medications?,other,not used by the current privacy-role configuration,Did you consult a doctor before using these medications?,categorical text,,,#VALUE!; Yes; no,513,0,0.0,3,,,self-describing column header,confirmed_column_header,https://data.mendeley.com/datasets/y7rbxs53g9/1
D2,GLP1,35,Did you regain your weight after stopping using it?,other,not used by the current privacy-role configuration,Did you regain your weight after stopping using it?,categorical text,,,#VALUE!; Yes; no,513,0,0.0,3,,,self-describing column header,confirmed_column_header,https://data.mendeley.com/datasets/y7rbxs53g9/1
D2,GLP1,36,Have you experienced any side effects when using these medications?,sensitive,configured outcome or health/psychological attribute used for attribute-disclosure checks,Have you experienced any side effects when using these medications?,categorical text,,,#VALUE!; Yes; no,513,0,0.0,3,,,self-describing column header,confirmed_column_header,https://data.mendeley.com/datasets/y7rbxs53g9/1
D2,GLP1,37,Do you read the medical information about products used for weight loss?,other,not used by the current privacy-role configuration,Do you read the medical information about products used for weight loss?,categorical text,,,#VALUE!; Yes; no,513,0,0.0,3,,,self-describing column header,confirmed_column_header,https://data.mendeley.com/datasets/y7rbxs53g9/1
D2,GLP1,38,"Any comments, suggestions, or weight loss experiences?",free_text,unstructured text may contain unforeseen personal details,Optional free-text comment on weight-loss experience. Values must never be quoted or redistributed by this project.,free text,,,104 distinct nonmissing texts; contents suppressed,163,350,0.682261208576998,104,,,column header,confirmed_column_header,https://data.mendeley.com/datasets/y7rbxs53g9/1
D3,Health_Message,1,ID,structural_identifier,identifier-like or operational field excluded from public release candidates,Deposited participant record identifier.,identifier,,,348 distinct nonmissing values; contents suppressed,348,0,0.0,348,,,column header,confirmed_column_header,https://data.mendeley.com/datasets/2v8k7kk9vt/1
D3,Health_Message,2,Age,quasi_identifier,plausibly linkable background attribute under the stated auxiliary-knowledge model,Participant age in years.,integer numeric,years,,min=18; max=80; 45 distinct,348,0,0.0,45,extended,,repository description,confirmed_repository_description,https://data.mendeley.com/datasets/2v8k7kk9vt/1
D3,Health_Message,3,Gender,quasi_identifier,plausibly linkable background attribute under the stated auxiliary-knowledge model,Coded participant gender; code-to-label mapping is not present in the local workbook.,nominal code,,,1; 2,348,0,0.0,2,extended;core;coarse,,repository description and observed file,coding_not_deposited,https://data.mendeley.com/datasets/2v8k7kk9vt/1
D3,Health_Message,4,Nationality,quasi_identifier,plausibly linkable background attribute under the stated auxiliary-knowledge model,Coded nationality category; code-to-label mapping is not present in the local workbook.,nominal code,,,1; 2; 3; 4; 5,348,0,0.0,5,extended;core,,repository description and observed file,coding_not_deposited,https://data.mendeley.com/datasets/2v8k7kk9vt/1
D3,Health_Message,5,Education_Level,quasi_identifier,plausibly linkable background attribute under the stated auxiliary-knowledge model,Coded latest educational qualification; code-to-label mapping is not present in the local workbook.,ordinal code,,,1; 2; 3; 4; 5,348,0,0.0,5,extended;core;coarse,,repository description and observed file,coding_not_deposited,https://data.mendeley.com/datasets/2v8k7kk9vt/1
D3,Health_Message,6,City,quasi_identifier,plausibly linkable background attribute under the stated auxiliary-knowledge model,Coded Saudi city of residence; code-to-label mapping is not present in the local workbook.,nominal code,,,1; 2; 3; 4; 5; 6; 7; 8; 9; 10; 11,348,0,0.0,11,extended;core,,repository description and observed file,coding_not_deposited,https://data.mendeley.com/datasets/2v8k7kk9vt/1
D3,Health_Message,7,P2_1,item_level,fine-grained response item contributing to a potentially distinctive response pattern,Deposited depression-instrument item score P2 item 1; exact item-to-question mapping is not included in the local deposit.,ordinal item score,0-3 points,,0; 1; 2; 3,348,0,0.0,4,,,related publication and observed file,coding_not_deposited,https://data.mendeley.com/datasets/2v8k7kk9vt/1
D3,Health_Message,8,P2_2,item_level,fine-grained response item contributing to a potentially distinctive response pattern,Deposited depression-instrument item score P2 item 2; exact item-to-question mapping is not included in the local deposit.,ordinal item score,0-3 points,,0; 1; 2; 3,348,0,0.0,4,,,related publication and observed file,coding_not_deposited,https://data.mendeley.com/datasets/2v8k7kk9vt/1
D3,Health_Message,9,P2_3,item_level,fine-grained response item contributing to a potentially distinctive response pattern,Deposited depression-instrument item score P2 item 3; exact item-to-question mapping is not included in the local deposit.,ordinal item score,0-3 points,,0; 1; 2; 3,348,0,0.0,4,,,related publication and observed file,coding_not_deposited,https://data.mendeley.com/datasets/2v8k7kk9vt/1
D3,Health_Message,10,P2_4,item_level,fine-grained response item contributing to a potentially distinctive response pattern,Deposited depression-instrument item score P2 item 4; exact item-to-question mapping is not included in the local deposit.,ordinal item score,0-3 points,,0; 1; 2; 3,348,0,0.0,4,,,related publication and observed file,coding_not_deposited,https://data.mendeley.com/datasets/2v8k7kk9vt/1
D3,Health_Message,11,P2_5,item_level,fine-grained response item contributing to a potentially distinctive response pattern,Deposited depression-instrument item score P2 item 5; exact item-to-question mapping is not included in the local deposit.,ordinal item score,0-3 points,,0; 1; 2; 3,348,0,0.0,4,,,related publication and observed file,coding_not_deposited,https://data.mendeley.com/datasets/2v8k7kk9vt/1
D3,Health_Message,12,P2_6,item_level,fine-grained response item contributing to a potentially distinctive response pattern,Deposited depression-instrument item score P2 item 6; exact item-to-question mapping is not included in the local deposit.,ordinal item score,0-3 points,,0; 1; 2; 3,348,0,0.0,4,,,related publication and observed file,coding_not_deposited,https://data.mendeley.com/datasets/2v8k7kk9vt/1
D3,Health_Message,13,P2_7,item_level,fine-grained response item contributing to a potentially distinctive response pattern,Deposited depression-instrument item score P2 item 7; exact item-to-question mapping is not included in the local deposit.,ordinal item score,0-3 points,,0; 1; 2; 3,348,0,0.0,4,,,related publication and observed file,coding_not_deposited,https://data.mendeley.com/datasets/2v8k7kk9vt/1
D3,Health_Message,14,P2_8,item_level,fine-grained response item contributing to a potentially distinctive response pattern,Deposited depression-instrument item score P2 item 8; exact item-to-question mapping is not included in the local deposit.,ordinal item score,0-3 points,,0; 1; 2; 3,348,0,0.0,4,,,related publication and observed file,coding_not_deposited,https://data.mendeley.com/datasets/2v8k7kk9vt/1
D3,Health_Message,15,P2_9,item_level,fine-grained response item contributing to a potentially distinctive response pattern,Deposited depression-instrument item score P2 item 9; exact item-to-question mapping is not included in the local deposit.,ordinal item score,0-3 points,,0; 1; 2; 3,348,0,0.0,4,,,related publication and observed file,coding_not_deposited,https://data.mendeley.com/datasets/2v8k7kk9vt/1
D3,Health_Message,16,P2_10,item_level,fine-grained response item contributing to a potentially distinctive response pattern,Deposited depression-instrument item score P2 item 10; exact item-to-question mapping is not included in the local deposit.,ordinal item score,0-3 points,,0; 1; 2; 3,348,0,0.0,4,,,related publication and observed file,coding_not_deposited,https://data.mendeley.com/datasets/2v8k7kk9vt/1
D3,Health_Message,17,P2_11,item_level,fine-grained response item contributing to a potentially distinctive response pattern,Deposited depression-instrument item score P2 item 11; exact item-to-question mapping is not included in the local deposit.,ordinal item score,0-3 points,,0; 1; 2; 3,348,0,0.0,4,,,related publication and observed file,coding_not_deposited,https://data.mendeley.com/datasets/2v8k7kk9vt/1
D3,Health_Message,18,P2_12,item_level,fine-grained response item contributing to a potentially distinctive response pattern,Deposited depression-instrument item score P2 item 12; exact item-to-question mapping is not included in the local deposit.,ordinal item score,0-3 points,,0; 1; 2; 3,348,0,0.0,4,,,related publication and observed file,coding_not_deposited,https://data.mendeley.com/datasets/2v8k7kk9vt/1
D3,Health_Message,19,P2_13,item_level,fine-grained response item contributing to a potentially distinctive response pattern,Deposited depression-instrument item score P2 item 13; exact item-to-question mapping is not included in the local deposit.,ordinal item score,0-3 points,,0; 1; 2; 3,348,0,0.0,4,,,related publication and observed file,coding_not_deposited,https://data.mendeley.com/datasets/2v8k7kk9vt/1
D3,Health_Message,20,P2_14,item_level,fine-grained response item contributing to a potentially distinctive response pattern,Deposited depression-instrument item score P2 item 14; exact item-to-question mapping is not included in the local deposit.,ordinal item score,0-3 points,,0; 1; 2; 3,348,0,0.0,4,,,related publication and observed file,coding_not_deposited,https://data.mendeley.com/datasets/2v8k7kk9vt/1
D3,Health_Message,21,P2_15,item_level,fine-grained response item contributing to a potentially distinctive response pattern,Deposited depression-instrument item score P2 item 15; exact item-to-question mapping is not included in the local deposit.,ordinal item score,0-3 points,,0; 1; 2; 3,348,0,0.0,4,,,related publication and observed file,coding_not_deposited,https://data.mendeley.com/datasets/2v8k7kk9vt/1
D3,Health_Message,22,P2_16,item_level,fine-grained response item contributing to a potentially distinctive response pattern,Deposited depression-instrument item score P2 item 16; exact item-to-question mapping is not included in the local deposit.,ordinal item score,0-3 points,,0; 1; 2; 3,348,0,0.0,4,,,related publication and observed file,coding_not_deposited,https://data.mendeley.com/datasets/2v8k7kk9vt/1
D3,Health_Message,23,P2_17,item_level,fine-grained response item contributing to a potentially distinctive response pattern,Deposited depression-instrument item score P2 item 17; exact item-to-question mapping is not included in the local deposit.,ordinal item score,0-3 points,,0; 1; 2; 3,348,0,0.0,4,,,related publication and observed file,coding_not_deposited,https://data.mendeley.com/datasets/2v8k7kk9vt/1
D3,Health_Message,24,P2_18,item_level,fine-grained response item contributing to a potentially distinctive response pattern,Deposited depression-instrument item score P2 item 18; exact item-to-question mapping is not included in the local deposit.,ordinal item score,0-3 points,,0; 1; 2; 3,348,0,0.0,4,,,related publication and observed file,coding_not_deposited,https://data.mendeley.com/datasets/2v8k7kk9vt/1
D3,Health_Message,25,P2_19,item_level,fine-grained response item contributing to a potentially distinctive response pattern,Deposited depression-instrument item score P2 item 19; exact item-to-question mapping is not included in the local deposit.,ordinal item score,0-3 points,,0; 1; 2; 3,348,0,0.0,4,,,related publication and observed file,coding_not_deposited,https://data.mendeley.com/datasets/2v8k7kk9vt/1
D3,Health_Message,26,P2_20,item_level,fine-grained response item contributing to a potentially distinctive response pattern,Deposited depression-instrument item score P2 item 20; exact item-to-question mapping is not included in the local deposit.,ordinal item score,0-3 points,,0; 1; 2; 3,348,0,0.0,4,,,related publication and observed file,coding_not_deposited,https://data.mendeley.com/datasets/2v8k7kk9vt/1
D3,Health_Message,27,P2_T,item_level;sensitive,configured outcome or health/psychological attribute used for attribute-disclosure checks; fine-grained response item contributing to a potentially distinctive response pattern,"Total depression-instrument score across P2_1 to P2_20 as deposited; the sum is verified, but the related publication describes BDI-II and the workbook contains only 20 visible P2 item columns, which requires author confirmation.",integer score,points,,min=0; max=43; 36 distinct,348,0,0.0,36,,sum(P2_1..P2_20),related publication and row-wise verification,needs_author_confirmation,https://data.mendeley.com/datasets/2v8k7kk9vt/1
D3,Health_Message,28,P3_1,item_level,fine-grained response item contributing to a potentially distinctive response pattern,State Anxiety Inventory item 1 response score.,ordinal item score,1-4 points,,1; 2; 3; 4,348,0,0.0,4,,,related publication,confirmed_repository_description,https://data.mendeley.com/datasets/2v8k7kk9vt/1
D3,Health_Message,29,P3_2,item_level,fine-grained response item contributing to a potentially distinctive response pattern,State Anxiety Inventory item 2 response score.,ordinal item score,1-4 points,,1; 2; 3; 4,348,0,0.0,4,,,related publication,confirmed_repository_description,https://data.mendeley.com/datasets/2v8k7kk9vt/1
D3,Health_Message,30,P3_3,item_level,fine-grained response item contributing to a potentially distinctive response pattern,State Anxiety Inventory item 3 response score.,ordinal item score,1-4 points,,1; 2; 3; 4,348,0,0.0,4,,,related publication,confirmed_repository_description,https://data.mendeley.com/datasets/2v8k7kk9vt/1
D3,Health_Message,31,P3_4,item_level,fine-grained response item contributing to a potentially distinctive response pattern,State Anxiety Inventory item 4 response score.,ordinal item score,1-4 points,,1; 2; 3; 4,348,0,0.0,4,,,related publication,confirmed_repository_description,https://data.mendeley.com/datasets/2v8k7kk9vt/1
D3,Health_Message,32,P3_5,item_level,fine-grained response item contributing to a potentially distinctive response pattern,State Anxiety Inventory item 5 response score.,ordinal item score,1-4 points,,1; 2; 3; 4,348,0,0.0,4,,,related publication,confirmed_repository_description,https://data.mendeley.com/datasets/2v8k7kk9vt/1
D3,Health_Message,33,P3_6,item_level,fine-grained response item contributing to a potentially distinctive response pattern,State Anxiety Inventory item 6 response score.,ordinal item score,1-4 points,,1; 2; 3; 4,348,0,0.0,4,,,related publication,confirmed_repository_description,https://data.mendeley.com/datasets/2v8k7kk9vt/1
D3,Health_Message,34,P3_7,item_level,fine-grained response item contributing to a potentially distinctive response pattern,State Anxiety Inventory item 7 response score.,ordinal item score,1-4 points,,1; 2; 3; 4,348,0,0.0,4,,,related publication,confirmed_repository_description,https://data.mendeley.com/datasets/2v8k7kk9vt/1
D3,Health_Message,35,P3_8,item_level,fine-grained response item contributing to a potentially distinctive response pattern,State Anxiety Inventory item 8 response score.,ordinal item score,1-4 points,,1; 2; 3; 4,348,0,0.0,4,,,related publication,confirmed_repository_description,https://data.mendeley.com/datasets/2v8k7kk9vt/1
D3,Health_Message,36,P3_9,item_level,fine-grained response item contributing to a potentially distinctive response pattern,State Anxiety Inventory item 9 response score.,ordinal item score,1-4 points,,1; 2; 3; 4,348,0,0.0,4,,,related publication,confirmed_repository_description,https://data.mendeley.com/datasets/2v8k7kk9vt/1
D3,Health_Message,37,P3_10,item_level,fine-grained response item contributing to a potentially distinctive response pattern,State Anxiety Inventory item 10 response score.,ordinal item score,1-4 points,,1; 2; 3; 4,348,0,0.0,4,,,related publication,confirmed_repository_description,https://data.mendeley.com/datasets/2v8k7kk9vt/1
D3,Health_Message,38,P3_11,item_level,fine-grained response item contributing to a potentially distinctive response pattern,State Anxiety Inventory item 11 response score.,ordinal item score,1-4 points,,1; 2; 3; 4,348,0,0.0,4,,,related publication,confirmed_repository_description,https://data.mendeley.com/datasets/2v8k7kk9vt/1
D3,Health_Message,39,P3_12,item_level,fine-grained response item contributing to a potentially distinctive response pattern,State Anxiety Inventory item 12 response score.,ordinal item score,1-4 points,,1; 2; 3; 4,348,0,0.0,4,,,related publication,confirmed_repository_description,https://data.mendeley.com/datasets/2v8k7kk9vt/1
D3,Health_Message,40,P3_13,item_level,fine-grained response item contributing to a potentially distinctive response pattern,State Anxiety Inventory item 13 response score.,ordinal item score,1-4 points,,1; 2; 3; 4,348,0,0.0,4,,,related publication,confirmed_repository_description,https://data.mendeley.com/datasets/2v8k7kk9vt/1
D3,Health_Message,41,P3_14,item_level,fine-grained response item contributing to a potentially distinctive response pattern,State Anxiety Inventory item 14 response score.,ordinal item score,1-4 points,,1; 2; 3; 4,348,0,0.0,4,,,related publication,confirmed_repository_description,https://data.mendeley.com/datasets/2v8k7kk9vt/1
D3,Health_Message,42,P3_15,item_level,fine-grained response item contributing to a potentially distinctive response pattern,State Anxiety Inventory item 15 response score.,ordinal item score,1-4 points,,1; 2; 3; 4,348,0,0.0,4,,,related publication,confirmed_repository_description,https://data.mendeley.com/datasets/2v8k7kk9vt/1
D3,Health_Message,43,P3_16,item_level,fine-grained response item contributing to a potentially distinctive response pattern,State Anxiety Inventory item 16 response score.,ordinal item score,1-4 points,,1; 2; 3; 4,348,0,0.0,4,,,related publication,confirmed_repository_description,https://data.mendeley.com/datasets/2v8k7kk9vt/1
D3,Health_Message,44,P3_17,item_level,fine-grained response item contributing to a potentially distinctive response pattern,State Anxiety Inventory item 17 response score.,ordinal item score,1-4 points,,1; 2; 3; 4,348,0,0.0,4,,,related publication,confirmed_repository_description,https://data.mendeley.com/datasets/2v8k7kk9vt/1
D3,Health_Message,45,P3_18,item_level,fine-grained response item contributing to a potentially distinctive response pattern,State Anxiety Inventory item 18 response score.,ordinal item score,1-4 points,,1; 2; 3; 4,348,0,0.0,4,,,related publication,confirmed_repository_description,https://data.mendeley.com/datasets/2v8k7kk9vt/1
D3,Health_Message,46,P3_19,item_level,fine-grained response item contributing to a potentially distinctive response pattern,State Anxiety Inventory item 19 response score.,ordinal item score,1-4 points,,1; 2; 3; 4,348,0,0.0,4,,,related publication,confirmed_repository_description,https://data.mendeley.com/datasets/2v8k7kk9vt/1
D3,Health_Message,47,P3_20,item_level,fine-grained response item contributing to a potentially distinctive response pattern,State Anxiety Inventory item 20 response score.,ordinal item score,1-4 points,,1; 2; 3; 4,348,0,0.0,4,,,related publication,confirmed_repository_description,https://data.mendeley.com/datasets/2v8k7kk9vt/1
D3,Health_Message,48,P3_T,item_level;sensitive,configured outcome or health/psychological attribute used for attribute-disclosure checks; fine-grained response item contributing to a potentially distinctive response pattern,Total state-anxiety score across the 20 P3 items.,integer score,points,,min=20; max=79; 56 distinct,348,0,0.0,56,,sum(P3_1..P3_20),related publication and row-wise verification,derived_and_empirically_verified,https://data.mendeley.com/datasets/2v8k7kk9vt/1
D3,Health_Message,49,P4LS_GD,other,not used by the current privacy-role configuration,"Mean affect rating for G-framed, LS-severity messages with D outcomes (LS=less severe, MS=more severe, G=gain, L=loss, D=desirable, UD=undesirable).",derived continuous score,1-6 rating,,1.0; 1.5; 2.0; 3.0; 3.5; 4.0; 4.5; 5.0; 5.5; 6.0,348,0,0.0,10,,,related publication,confirmed_repository_description,https://data.mendeley.com/datasets/2v8k7kk9vt/1
D3,Health_Message,50,P4LS_GUD,other,not used by the current privacy-role configuration,"Mean affect rating for G-framed, LS-severity messages with UD outcomes (LS=less severe, MS=more severe, G=gain, L=loss, D=desirable, UD=undesirable).",derived continuous score,1-6 rating,,1.0; 2.0; 3.0; 3.5; 4.0; 4.5; 5.0; 5.5; 6.0,348,0,0.0,9,,,related publication,confirmed_repository_description,https://data.mendeley.com/datasets/2v8k7kk9vt/1
D3,Health_Message,51,P4LS_LD,other,not used by the current privacy-role configuration,"Mean affect rating for L-framed, LS-severity messages with D outcomes (LS=less severe, MS=more severe, G=gain, L=loss, D=desirable, UD=undesirable).",derived continuous score,1-6 rating,,1.0; 1.5; 2.0; 2.5; 3.0; 3.5; 4.0; 4.5; 5.0; 5.5; 6.0,348,0,0.0,11,,,related publication,confirmed_repository_description,https://data.mendeley.com/datasets/2v8k7kk9vt/1
D3,Health_Message,52,P4LS_LUD,other,not used by the current privacy-role configuration,"Mean affect rating for L-framed, LS-severity messages with UD outcomes (LS=less severe, MS=more severe, G=gain, L=loss, D=desirable, UD=undesirable).",derived continuous score,1-6 rating,,1.0; 1.5; 2.0; 2.5; 3.0; 3.5; 4.0; 4.5; 5.0; 5.5; 6.0,348,0,0.0,11,,,related publication,confirmed_repository_description,https://data.mendeley.com/datasets/2v8k7kk9vt/1
D3,Health_Message,53,P4MS_GD,other,not used by the current privacy-role configuration,"Mean affect rating for G-framed, MS-severity messages with D outcomes (LS=less severe, MS=more severe, G=gain, L=loss, D=desirable, UD=undesirable).",derived continuous score,1-6 rating,,1.0; 2.0; 3.0; 3.5; 4.0; 4.5; 5.0; 5.5; 6.0,348,0,0.0,9,,,related publication,confirmed_repository_description,https://data.mendeley.com/datasets/2v8k7kk9vt/1
D3,Health_Message,54,P4MS_GUD,other,not used by the current privacy-role configuration,"Mean affect rating for G-framed, MS-severity messages with UD outcomes (LS=less severe, MS=more severe, G=gain, L=loss, D=desirable, UD=undesirable).",derived continuous score,1-6 rating,,1.0; 1.5; 2.0; 2.5; 3.0; 3.5; 4.0; 4.5; 5.0; 5.5; 6.0,348,0,0.0,11,,,related publication,confirmed_repository_description,https://data.mendeley.com/datasets/2v8k7kk9vt/1
D3,Health_Message,55,P4MS_LD,other,not used by the current privacy-role configuration,"Mean affect rating for L-framed, MS-severity messages with D outcomes (LS=less severe, MS=more severe, G=gain, L=loss, D=desirable, UD=undesirable).",derived continuous score,1-6 rating,,1.0; 1.5; 2.0; 3.0; 3.5; 4.0; 4.5; 5.0; 5.5; 6.0,348,0,0.0,10,,,related publication,confirmed_repository_description,https://data.mendeley.com/datasets/2v8k7kk9vt/1
D3,Health_Message,56,P4MS_LUD,other,not used by the current privacy-role configuration,"Mean affect rating for L-framed, MS-severity messages with UD outcomes (LS=less severe, MS=more severe, G=gain, L=loss, D=desirable, UD=undesirable).",derived continuous score,1-6 rating,,1.0; 1.5; 2.0; 2.5; 3.0; 3.5; 4.0; 4.5; 5.0; 5.5; 6.0,348,0,0.0,11,,,related publication,confirmed_repository_description,https://data.mendeley.com/datasets/2v8k7kk9vt/1
D3,Health_Message,57,Age_Group,other,not used by the current privacy-role configuration,"Three-level derived age group (young, middle-aged, old); numeric code-to-label mapping is not deposited locally.",ordinal code,,,1; 2; 3,348,0,0.0,3,core;coarse,,repository description and related publication,coding_not_deposited,https://data.mendeley.com/datasets/2v8k7kk9vt/1
D3,Health_Message,58,Gain_LS,other,not used by the current privacy-role configuration,"Mean affect rating for gain-framed, less-severe messages across desirable and undesirable outcomes.",derived continuous score,1-6 rating,,min=1; max=6; 18 distinct,348,0,0.0,18,,"mean(P4LS_GD, P4LS_GUD)",related publication and row-wise verification,derived_and_empirically_verified,https://data.mendeley.com/datasets/2v8k7kk9vt/1
D3,Health_Message,59,Loss_LS,other,not used by the current privacy-role configuration,"Mean affect rating for loss-framed, less-severe messages across desirable and undesirable outcomes.",derived continuous score,1-6 rating,,min=1; max=6; 20 distinct,348,0,0.0,20,,"mean(P4LS_LD, P4LS_LUD)",related publication and row-wise verification,derived_and_empirically_verified,https://data.mendeley.com/datasets/2v8k7kk9vt/1
D3,Health_Message,60,Gain_MS,other,not used by the current privacy-role configuration,"Mean affect rating for gain-framed, more-severe messages across desirable and undesirable outcomes.",derived continuous score,1-6 rating,,min=1; max=6; 16 distinct,348,0,0.0,16,,"mean(P4MS_GD, P4MS_GUD)",related publication and row-wise verification,derived_and_empirically_verified,https://data.mendeley.com/datasets/2v8k7kk9vt/1
D3,Health_Message,61,Loss_MS,other,not used by the current privacy-role configuration,"Mean affect rating for loss-framed, more-severe messages across desirable and undesirable outcomes.",derived continuous score,1-6 rating,,min=1; max=6; 21 distinct,348,0,0.0,21,,"mean(P4MS_LD, P4MS_LUD)",related publication and row-wise verification,derived_and_empirically_verified,https://data.mendeley.com/datasets/2v8k7kk9vt/1
D3,Health_Message,62,Gain,other,not used by the current privacy-role configuration,"Overall gain-frame affect score. Construct is confirmed, but the deposited rounding differs by up to 0.05 from the visible four-component mean.",derived continuous score,1-6 rating,,min=1; max=6; 34 distinct,348,0,0.0,34,,"mean(P4LS_GD, P4LS_GUD, P4MS_GD, P4MS_GUD), deposited rounding",related publication and row-wise verification,partially_verified_rounding_unresolved,https://data.mendeley.com/datasets/2v8k7kk9vt/1
D3,Health_Message,63,Loss,other,not used by the current privacy-role configuration,"Overall loss-frame affect score. Construct is confirmed, but the deposited rounding differs by up to 0.05 from the visible four-component mean.",derived continuous score,1-6 rating,,min=1; max=6; 45 distinct,348,0,0.0,45,,"mean(P4LS_LD, P4LS_LUD, P4MS_LD, P4MS_LUD), deposited rounding",related publication and row-wise verification,partially_verified_rounding_unresolved,https://data.mendeley.com/datasets/2v8k7kk9vt/1
D3,Health_Message,64,Gain_D,other,not used by the current privacy-role configuration,Mean gain-frame affect rating for desirable outcomes across severity levels.,derived continuous score,1-6 rating,,min=1; max=6; 14 distinct,348,0,0.0,14,,"mean(P4LS_GD, P4MS_GD)",related publication and row-wise verification,derived_and_empirically_verified,https://data.mendeley.com/datasets/2v8k7kk9vt/1
D3,Health_Message,65,Gain_UD,other,not used by the current privacy-role configuration,Mean gain-frame affect rating for undesirable outcomes across severity levels.,derived continuous score,1-6 rating,,min=1; max=6; 18 distinct,348,0,0.0,18,,"mean(P4LS_GUD, P4MS_GUD)",related publication and row-wise verification,derived_and_empirically_verified,https://data.mendeley.com/datasets/2v8k7kk9vt/1
D3,Health_Message,66,Loss_D,other,not used by the current privacy-role configuration,Mean loss-frame affect rating for desirable outcomes across severity levels.,derived continuous score,1-6 rating,,min=1; max=6; 19 distinct,348,0,0.0,19,,"mean(P4LS_LD, P4MS_LD)",related publication and row-wise verification,derived_and_empirically_verified,https://data.mendeley.com/datasets/2v8k7kk9vt/1
D3,Health_Message,67,Loss_UD,other,not used by the current privacy-role configuration,Mean loss-frame affect rating for undesirable outcomes across severity levels.,derived continuous score,1-6 rating,,min=1; max=6; 20 distinct,348,0,0.0,20,,"mean(P4LS_LUD, P4MS_LUD)",related publication and row-wise verification,derived_and_empirically_verified,https://data.mendeley.com/datasets/2v8k7kk9vt/1
D4,Employee_Attrition,1,ID,structural_identifier,identifier-like or operational field excluded from public release candidates,Deposited employee-response record identifier.,identifier,,,1191 distinct nonmissing values; contents suppressed,1191,0,0.0,1191,,,column header,confirmed_source_document,https://data.mendeley.com/datasets/6z2hty8php/1
D4,Employee_Attrition,2,Attrition,sensitive,configured outcome or employment/health attribute used for attribute-disclosure checks,Whether the respondent had left a previous organization before the current job.,binary categorical,,Yes/No,No; Yes,1191,0,0.0,2,,,Online_Survey_Questions.docx,confirmed_source_document,https://data.mendeley.com/datasets/6z2hty8php/1
D4,Employee_Attrition,3,Gender,quasi_identifier,plausibly linkable background attribute under the stated auxiliary-knowledge model,Self-reported gender.,binary categorical,,Male/Female,Female; Male,1191,0,0.0,2,extended;core;coarse,,Online_Survey_Questions.docx,confirmed_source_document,https://data.mendeley.com/datasets/6z2hty8php/1
D4,Employee_Attrition,4,Age,quasi_identifier,plausibly linkable background attribute under the stated auxiliary-knowledge model,Participant age band.,ordinal categorical,,21-30; 31-40; 41-50; 51-60 years,21 to 30; 31 to 40; 41 to 50; 51 to 60,1191,0,0.0,4,extended;core;coarse,,Online_Survey_Questions.docx,confirmed_source_document,https://data.mendeley.com/datasets/6z2hty8php/1
D4,Employee_Attrition,5,Maritalstatus,quasi_identifier,plausibly linkable background attribute under the stated auxiliary-knowledge model,Self-reported marital status.,nominal categorical,,Single; Married; Divorced,Divorced; Married; Single,1191,0,0.0,3,extended;core,,Online_Survey_Questions.docx,confirmed_source_document,https://data.mendeley.com/datasets/6z2hty8php/1
D4,Employee_Attrition,6,Academic_degree,quasi_identifier,plausibly linkable background attribute under the stated auxiliary-knowledge model,Highest academic degree.,ordinal categorical,,Diploma/secondary; Bachelor's; Master's; Ph.D.,Bachelor's; Diploma or secondary; Master's; Ph.D,1191,0,0.0,4,extended;core;coarse,,Online_Survey_Questions.docx and Dataset_Keys.docx,confirmed_source_document,https://data.mendeley.com/datasets/6z2hty8php/1
D4,Employee_Attrition,7,Years_Experience,quasi_identifier,plausibly linkable background attribute under the stated auxiliary-knowledge model,Total years of work experience across all organizations.,ordinal categorical,years,,From 11 to 15 years; From 16 to 20 years; From 21 to 25 years; From 26 to 30 years; From 31 to 35 years; From 5 to 10 years; Less than 5 years,1191,0,0.0,7,extended,,Online_Survey_Questions.docx,confirmed_source_document,https://data.mendeley.com/datasets/6z2hty8php/1
D4,Employee_Attrition,8,Years_experience_lastorganization,other,not used by the current privacy-role configuration,Years of experience in the last organization the respondent left.,ordinal categorical,years,,From 11 to 15 years; From 16 to 20 years; From 21 to 25 years; From 26 to 30 years; From 31 to 35 years; From 5 to 10 years; Less than 5 years,1191,0,0.0,7,,,Online_Survey_Questions.docx,confirmed_source_document,https://data.mendeley.com/datasets/6z2hty8php/1
D4,Employee_Attrition,9,Sector,quasi_identifier,plausibly linkable background attribute under the stated auxiliary-knowledge model,Sector of the last organization the respondent left.,nominal categorical,,,16 observed categories/text values; not enumerated,1191,0,0.0,16,extended;core;coarse,,Online_Survey_Questions.docx,confirmed_source_document,https://data.mendeley.com/datasets/6z2hty8php/1
D4,Employee_Attrition,10,Department,quasi_identifier,plausibly linkable background attribute under the stated auxiliary-knowledge model,Department in the last organization the respondent left.,nominal categorical,,,23 observed categories/text values; not enumerated,1191,0,0.0,23,extended;core,,Online_Survey_Questions.docx,confirmed_source_document,https://data.mendeley.com/datasets/6z2hty8php/1
D4,Employee_Attrition,11,JobTitle,quasi_identifier,plausibly linkable background attribute under the stated auxiliary-knowledge model,Job title held in the last organization the respondent left.,nominal categorical,,,71 observed categories/text values; not enumerated,1191,0,0.0,71,extended,,Online_Survey_Questions.docx,confirmed_source_document,https://data.mendeley.com/datasets/6z2hty8php/1
D4,Employee_Attrition,12,MonthlySalary,quasi_identifier,plausibly linkable background attribute under the stated auxiliary-knowledge model,Monthly salary band including allowances.,ordinal categorical,SAR/month,,From 11000 to 15000 S.R; From 16000 to 20000 S.R; From 21000 to 25000 S.R; From 26000 to 30000 S.R; From 5000 to 10000 S.R; Less than 5000 SAR; S.R 31000 - and more,1191,0,0.0,7,extended,,Online_Survey_Questions.docx,confirmed_source_document,https://data.mendeley.com/datasets/6z2hty8php/1
D4,Employee_Attrition,13,Allowances,other,not used by the current privacy-role configuration,Deposited coded representation of allowance type(s); local key describes allowance categories but the single numeric code requires depositor confirmation.,nominal code,,,0; 1; 2; 3; 4,1191,0,0.0,5,,,Online_Survey_Questions.docx and observed file,needs_author_confirmation,https://data.mendeley.com/datasets/6z2hty8php/1
D4,Employee_Attrition,14,MedicalInsurance,other,not used by the current privacy-role configuration,Whether the last organization provided medical insurance.,binary categorical,,Yes/No,No; Yes,1191,0,0.0,2,,,Online_Survey_Questions.docx,confirmed_source_document,https://data.mendeley.com/datasets/6z2hty8php/1
D4,Employee_Attrition,15,Bonus,other,not used by the current privacy-role configuration,Whether an annual performance-related bonus was received.,binary categorical,,Yes/No,No; Yes,1191,0,0.0,2,,,Online_Survey_Questions.docx,confirmed_source_document,https://data.mendeley.com/datasets/6z2hty8php/1
D4,Employee_Attrition,16,OverTime,other,not used by the current privacy-role configuration,Whether overtime outside the standard schedule was worked.,binary categorical,,Yes/No,No; Yes,1191,0,0.0,2,,,Online_Survey_Questions.docx,confirmed_source_document,https://data.mendeley.com/datasets/6z2hty8php/1
D4,Employee_Attrition,17,Payment_Overtime,other,not used by the current privacy-role configuration,"Whether overtime was paid, including the not-applicable category for no overtime.",nominal categorical,,,I don't have overtime; No; Yes,1191,0,0.0,3,,,Online_Survey_Questions.docx,confirmed_source_document,https://data.mendeley.com/datasets/6z2hty8php/1
D4,Employee_Attrition,18,Rewards&Wages_Satisfaction,other,not used by the current privacy-role configuration,"Satisfaction with monthly income relative to effort, rewards, and wages.",binary categorical,,Yes/No,No; Yes,1191,0,0.0,2,,,Online_Survey_Questions.docx,confirmed_source_document,https://data.mendeley.com/datasets/6z2hty8php/1
D4,Employee_Attrition,19,Get_ Deserved_Promotion,other,not used by the current privacy-role configuration,Whether the respondent believed deserved promotion was received.,binary categorical,,Yes/No,No; Yes,1191,0,0.0,2,,,Online_Survey_Questions.docx,confirmed_source_document,https://data.mendeley.com/datasets/6z2hty8php/1
D4,Employee_Attrition,20,Training_programs_ During_last_three_years,other,not used by the current privacy-role configuration,Number band of training programs provided during the last three years.,ordinal categorical,,,From 1 to 3 training programs; From 4 to 6 training programs; From 7 training programs to more; I did not receive any training,1191,0,0.0,4,,,Online_Survey_Questions.docx,confirmed_source_document,https://data.mendeley.com/datasets/6z2hty8php/1
D4,Employee_Attrition,21,Useful_Training_Programs,other,not used by the current privacy-role configuration,Whether the respondent benefited from the training provided.,binary categorical,,Yes/No,No; Yes,1191,0,0.0,2,,,Online_Survey_Questions.docx,confirmed_source_document,https://data.mendeley.com/datasets/6z2hty8php/1
D4,Employee_Attrition,22,Business_Travel,other,not used by the current privacy-role configuration,Frequency of overnight or non-routine business travel.,ordinal categorical,,,I do not travel for work; Travel frequently; Travel rarely,1191,0,0.0,3,,,Online_Survey_Questions.docx,confirmed_source_document,https://data.mendeley.com/datasets/6z2hty8php/1
D4,Employee_Attrition,23,Job_Support,item_level,fine-grained response item contributing to a potentially distinctive response pattern,Perceived organizational support for completing work.,ordinal categorical,,Low; Medium; High,High; Low; Medium,1191,0,0.0,3,,,Online_Survey_Questions.docx,confirmed_source_document,https://data.mendeley.com/datasets/6z2hty8php/1
D4,Employee_Attrition,24,Recognition,other,not used by the current privacy-role configuration,Whether supervisors provided moral appreciation and recognition.,binary categorical,,Yes/No,No; Yes,1191,0,0.0,2,,,Online_Survey_Questions.docx,confirmed_source_document,https://data.mendeley.com/datasets/6z2hty8php/1
D4,Employee_Attrition,25,Emotional_Commitment,other,not used by the current privacy-role configuration,Rated emotional commitment and psychological relationship with the organization.,ordinal categorical,,Low; Medium; High,High; Low; Medium,1191,0,0.0,3,,,Online_Survey_Questions.docx,confirmed_source_document,https://data.mendeley.com/datasets/6z2hty8php/1
D4,Employee_Attrition,26,Job_Engagement,item_level,fine-grained response item contributing to a potentially distinctive response pattern,"Ease of involvement in the job, including participation in decisions and opinions.",ordinal categorical,,Difficult; Medium; Easy,Difficult; Easy; Medium,1191,0,0.0,3,,,Online_Survey_Questions.docx,confirmed_source_document,https://data.mendeley.com/datasets/6z2hty8php/1
D4,Employee_Attrition,27,Distance_to_work,quasi_identifier,plausibly linkable background attribute under the stated auxiliary-knowledge model,Perceived distance to the workplace.,ordinal categorical,,Close; Medium; Far,Close; Far; Medium,1191,0,0.0,3,extended,,Online_Survey_Questions.docx,confirmed_source_document,https://data.mendeley.com/datasets/6z2hty8php/1
D4,Employee_Attrition,28,Work_Live_Balance,other,not used by the current privacy-role configuration,Ease of balancing work and personal life; source retains the variable spelling 'Live'.,ordinal categorical,,Difficult; Medium; Easy,Difficult; Easy; Medium,1191,0,0.0,3,,,Online_Survey_Questions.docx,confirmed_source_document,https://data.mendeley.com/datasets/6z2hty8php/1
D4,Employee_Attrition,29,Physical_Stress,other,not used by the current privacy-role configuration,Frequency of physical stress caused by physically demanding workplace tasks.,ordinal categorical,,No; Sometimes; Yes,No; Sometimes; Yes,1191,0,0.0,3,,,Online_Survey_Questions.docx,confirmed_source_document,https://data.mendeley.com/datasets/6z2hty8php/1
D4,Employee_Attrition,30,Psychological_Exhaustion,item_level;sensitive,configured outcome or employment/health attribute used for attribute-disclosure checks; fine-grained response item contributing to a potentially distinctive response pattern,Frequency of psychological exhaustion or mental/emotional fatigue from job stress.,ordinal categorical,,No; Sometimes; Yes,No; Sometimes; Yes,1191,0,0.0,3,,,Online_Survey_Questions.docx,confirmed_source_document,https://data.mendeley.com/datasets/6z2hty8php/1
D4,Employee_Attrition,31,Job_Stability,item_level,fine-grained response item contributing to a potentially distinctive response pattern,Whether the respondent felt job security and stability.,binary categorical,,Yes/No,No; Yes,1191,0,0.0,2,,,Online_Survey_Questions.docx,confirmed_source_document,https://data.mendeley.com/datasets/6z2hty8php/1
D4,Employee_Attrition,32,Health_Issues,item_level;sensitive,configured outcome or employment/health attribute used for attribute-disclosure checks; fine-grained response item contributing to a potentially distinctive response pattern,Whether health problems contributed to leaving work.,binary categorical,,Yes/No,No; Yes,1191,0,0.0,2,,,Online_Survey_Questions.docx,confirmed_source_document,https://data.mendeley.com/datasets/6z2hty8php/1
D4,Employee_Attrition,33,Environment_Satisfaction,other,not used by the current privacy-role configuration,"Satisfaction with the work environment, including colleagues, facilities, lighting, air conditioning, and noise.",ordinal categorical,,Low; Medium; High,High; Low; Medium,1191,0,0.0,3,,,Online_Survey_Questions.docx,confirmed_source_document,https://data.mendeley.com/datasets/6z2hty8php/1
D4,Employee_Attrition,34,Job_Satisfaction,item_level;sensitive,configured outcome or employment/health attribute used for attribute-disclosure checks; fine-grained response item contributing to a potentially distinctive response pattern,Overall job satisfaction in the last organization.,ordinal categorical,,Not satisfied; Satisfied; Very satisfied,Not satisfied; Satisfied; Very satisfied,1191,0,0.0,3,,,Online_Survey_Questions.docx,confirmed_source_document,https://data.mendeley.com/datasets/6z2hty8php/1
D4,Employee_Attrition,35,Job_Opportunities,item_level,fine-grained response item contributing to a potentially distinctive response pattern,Whether alternative job opportunities were available while working in the last organization.,binary categorical,,Yes/No,No; Yes,1191,0,0.0,2,,,Online_Survey_Questions.docx,confirmed_source_document,https://data.mendeley.com/datasets/6z2hty8php/1
D5,Driving_Employment,1,marital status,quasi_identifier,plausibly linkable background attribute under the stated auxiliary-knowledge model,Self-reported marital status.,nominal categorical,,Married; Single; Divorced; Widowed; Other,0; Divorced; Married; Single; Widowed,901,52,0.05456453305351522,5,extended;core,,variable codebook,confirmed_column_header,https://zenodo.org/records/21839927
D5,Driving_Employment,2,Age,quasi_identifier,plausibly linkable background attribute under the stated auxiliary-knowledge model,Age band of the respondent.,ordinal categorical,,1 = 18-29; 2 = 30-39; 3 = 40-49; 4 = 50+,1.0; 2.0; 3.0; 4.0,900,53,0.055613850996852045,4,extended;core;coarse,,variable codebook,confirmed_column_header,https://zenodo.org/records/21839927
D5,Driving_Employment,3,Household size,other,not used by the current privacy-role configuration,Number of household members.,ordinal categorical,,1-4 people; 5-8 people; More than 9 people,1Ð4 people; 5Ð8 people; More than 9 people,900,53,0.055613850996852045,3,,,variable codebook,confirmed_column_header,https://zenodo.org/records/21839927
D5,Driving_Employment,4,Income,quasi_identifier,plausibly linkable background attribute under the stated auxiliary-knowledge model,Monthly household income band in Saudi riyals.,ordinal categorical,SAR/month,,"13,000 to less than 20,000; 21,000 or more; 5,000 to less than 12,000; Less than 4,000",900,53,0.055613850996852045,4,extended,,variable codebook,confirmed_column_header,https://zenodo.org/records/21839927
D5,Driving_Employment,5,Employment sector,other,not used by the current privacy-role configuration,Employment sector(s) of the respondent; multi-select field.,nominal categorical,,,37 observed categories/text values; not enumerated,900,53,0.055613850996852045,37,,,variable codebook,confirmed_column_header,https://zenodo.org/records/21839927
D5,Driving_Employment,6,SectorWorkplace transition likelihood,sensitive,configured outcome or employment/health attribute used for attribute-disclosure checks,Self-reported likelihood of transitioning to a different employment sector after the driving reform.,ordinal categorical,,0 = unlikely; 1 = somewhat likely; 2 = likely; No = not applicable,0; 1; 2; No,900,53,0.055613850996852045,4,,,variable codebook,confirmed_column_header,https://zenodo.org/records/21839927
D5,Driving_Employment,7,Driving Licence,sensitive,configured outcome or employment/health attribute used for attribute-disclosure checks,Whether the respondent obtained a driving licence after the reform.,nominal categorical,,Agree; Disagree; Don't know,Agree; Disagree; Don't know,522,431,0.4522560335781742,3,,,variable codebook,confirmed_column_header,https://zenodo.org/records/21839927
D5,Driving_Employment,8,car ownership,other,not used by the current privacy-role configuration,Deposited variable 'car ownership'; a more specific semantic definition is not available in the local package.,categorical text,,,Agree; Disagree,217,736,0.7722980062959076,2,,,column header only,needs_author_confirmation,https://zenodo.org/records/21839927
D5,Driving_Employment,9,driving licence process,other,not used by the current privacy-role configuration,driving licence process,categorical text,,,Agree; Disagree,165,788,0.8268625393494229,2,,,self-describing column header,confirmed_column_header,https://zenodo.org/records/21839927
D5,Driving_Employment,10,private car ownership,other,not used by the current privacy-role configuration,private car ownership,categorical text,,,Agree; Disagree; Don't know,469,484,0.5078698845750262,3,,,self-describing column header,confirmed_column_header,https://zenodo.org/records/21839927
D5,Driving_Employment,11,rented car,other,not used by the current privacy-role configuration,Deposited variable 'rented car'; a more specific semantic definition is not available in the local package.,categorical text,,,Agree; Disagree,74,879,0.9223504721930745,2,,,column header only,needs_author_confirmation,https://zenodo.org/records/21839927
D5,Driving_Employment,12,family car,other,not used by the current privacy-role configuration,Deposited variable 'family car'; a more specific semantic definition is not available in the local package.,categorical text,,,Agree,226,727,0.7628541448058762,1,,,column header only,needs_author_confirmation,https://zenodo.org/records/21839927
D5,Driving_Employment,13,donÕt have a car,other,not used by the current privacy-role configuration,Deposited variable 'donÕt have a car'; a more specific semantic definition is not available in the local package.,categorical text,,,Agree; Disagree; Don't know,140,813,0.8530954879328436,3,,,column header only,needs_author_confirmation,https://zenodo.org/records/21839927
D5,Driving_Employment,14,one year,other,not used by the current privacy-role configuration,Deposited variable 'one year'; a more specific semantic definition is not available in the local package.,categorical text,,,Agree,147,806,0.8457502623294858,1,,,column header only,needs_author_confirmation,https://zenodo.org/records/21839927
D5,Driving_Employment,15,two years,other,not used by the current privacy-role configuration,Deposited variable 'two years'; a more specific semantic definition is not available in the local package.,categorical text,,,Agree,355,598,0.6274921301154249,1,,,column header only,needs_author_confirmation,https://zenodo.org/records/21839927
D5,Driving_Employment,16,3 years,other,not used by the current privacy-role configuration,Deposited variable '3 years'; a more specific semantic definition is not available in the local package.,categorical text,,,Agree,398,555,0.5823714585519413,1,,,column header only,needs_author_confirmation,https://zenodo.org/records/21839927
D5,Driving_Employment,17,reducing women dependency,item_level,fine-grained response item contributing to a potentially distinctive response pattern,reducing women dependency,categorical text,,,Agree; Disagree; Don't know,900,53,0.055613850996852045,3,,,self-describing column header,confirmed_column_header,https://zenodo.org/records/21839927
D5,Driving_Employment,18,icreasing women penetraion in labour market,item_level,fine-grained response item contributing to a potentially distinctive response pattern,icreasing women penetraion in labour market,categorical text,,,Agree; Disagree; Don't know,900,53,0.055613850996852045,3,,,self-describing column header,confirmed_column_header,https://zenodo.org/records/21839927
D5,Driving_Employment,19,faciliatating transportation to work,item_level,fine-grained response item contributing to a potentially distinctive response pattern,faciliatating transportation to work,categorical text,,,Agree; Disagree; Don't know,900,53,0.055613850996852045,3,,,self-describing column header,confirmed_column_header,https://zenodo.org/records/21839927
D5,Driving_Employment,20,increasing employment opportunities for women,item_level,fine-grained response item contributing to a potentially distinctive response pattern,increasing employment opportunities for women,categorical text,,,Agree; Disagree; Don't know,900,53,0.055613850996852045,3,,,self-describing column header,confirmed_column_header,https://zenodo.org/records/21839927
D5,Driving_Employment,21,increasing sector employment for women,item_level,fine-grained response item contributing to a potentially distinctive response pattern,increasing sector employment for women,categorical text,,,Agree; Disagree; Don't know,900,53,0.055613850996852045,3,,,self-describing column header,confirmed_column_header,https://zenodo.org/records/21839927
D5,Driving_Employment,22,attaining higher working opportunities,item_level,fine-grained response item contributing to a potentially distinctive response pattern,attaining higher working opportunities,categorical text,,,Agree; Disagree; Don't know,900,53,0.055613850996852045,3,,,self-describing column header,confirmed_column_header,https://zenodo.org/records/21839927
D5,Driving_Employment,23,increasing employment opportunities,item_level,fine-grained response item contributing to a potentially distinctive response pattern,increasing employment opportunities,categorical text,,,Agree; Disagree; Don't know,900,53,0.055613850996852045,3,,,self-describing column header,confirmed_column_header,https://zenodo.org/records/21839927
D5,Driving_Employment,24,improving equal opportunities,item_level,fine-grained response item contributing to a potentially distinctive response pattern,improving equal opportunities,categorical text,,,Agree; Disagree; Don't know,900,53,0.055613850996852045,3,,,self-describing column header,confirmed_column_header,https://zenodo.org/records/21839927
D5,Driving_Employment,25,promoting women for higher up jobs,item_level,fine-grained response item contributing to a potentially distinctive response pattern,promoting women for higher up jobs,categorical text,,,Agree; Disagree; Don't know,900,53,0.055613850996852045,3,,,self-describing column header,confirmed_column_header,https://zenodo.org/records/21839927
D5,Driving_Employment,26,faciliatating observing start and finish times at work,item_level,fine-grained response item contributing to a potentially distinctive response pattern,faciliatating observing start and finish times at work,categorical text,,,Agree; Disagree; Don't know,900,53,0.055613850996852045,3,,,self-describing column header,confirmed_column_header,https://zenodo.org/records/21839927
D5,Driving_Employment,27,reducing travel time,item_level,fine-grained response item contributing to a potentially distinctive response pattern,reducing travel time,categorical text,,,Agree; Disagree; Don't know,900,53,0.055613850996852045,3,,,self-describing column header,confirmed_column_header,https://zenodo.org/records/21839927
D5,Driving_Employment,28,reducing number of forign drivers,item_level,fine-grained response item contributing to a potentially distinctive response pattern,reducing number of forign drivers,categorical text,,,Agree; Disagree; Don't know,900,53,0.055613850996852045,3,,,self-describing column header,confirmed_column_header,https://zenodo.org/records/21839927
D5,Driving_Employment,29,improving competetion in labour market,item_level,fine-grained response item contributing to a potentially distinctive response pattern,improving competetion in labour market,categorical text,,,Agree; Disagree; Don't know,900,53,0.055613850996852045,3,,,self-describing column header,confirmed_column_header,https://zenodo.org/records/21839927
D5,Driving_Employment,30,vision 2023,other,not used by the current privacy-role configuration,Deposited variable 'vision 2023'; a more specific semantic definition is not available in the local package.,categorical text,,,Agree; Disagree; Don't know,900,53,0.055613850996852045,3,,,column header only,needs_author_confirmation,https://zenodo.org/records/21839927
D5,Driving_Employment,31,speeding up of women penetration in labour market,item_level,fine-grained response item contributing to a potentially distinctive response pattern,speeding up of women penetration in labour market,categorical text,,,Agree; Disagree; Don't know,900,53,0.055613850996852045,3,,,self-describing column header,confirmed_column_header,https://zenodo.org/records/21839927
D5,Driving_Employment,32,reducing barriers to women,item_level,fine-grained response item contributing to a potentially distinctive response pattern,reducing barriers to women,categorical text,,,Agree; Disagree; Don't know,900,53,0.055613850996852045,3,,,self-describing column header,confirmed_column_header,https://zenodo.org/records/21839927
D5,Driving_Employment,33,Very proud for the achivements,item_level,fine-grained response item contributing to a potentially distinctive response pattern,Very proud for the achivements,categorical text,,,Agree; Disagree; Don't know,900,53,0.055613850996852045,3,,,self-describing column header,confirmed_column_header,https://zenodo.org/records/21839927
D5,Driving_Employment,34,complete penetration of women in labour force,item_level,fine-grained response item contributing to a potentially distinctive response pattern,complete penetration of women in labour force,categorical text,,,Agree; Disagree; Don't know,900,53,0.055613850996852045,3,,,self-describing column header,confirmed_column_header,https://zenodo.org/records/21839927
D5,Driving_Employment,35,many training and facilitation opportunities,item_level,fine-grained response item contributing to a potentially distinctive response pattern,many training and facilitation opportunities,categorical text,,,Agree; Disagree; Don't know,900,53,0.055613850996852045,3,,,self-describing column header,confirmed_column_header,https://zenodo.org/records/21839927
D5,Driving_Employment,36,improving women access to finanacial opportunities,item_level,fine-grained response item contributing to a potentially distinctive response pattern,improving women access to finanacial opportunities,categorical text,,,Agree; Disagree; Don't know,900,53,0.055613850996852045,3,,,self-describing column header,confirmed_column_header,https://zenodo.org/records/21839927
D5,Driving_Employment,37,women taking part in decision making,item_level,fine-grained response item contributing to a potentially distinctive response pattern,women taking part in decision making,categorical text,,,Agree; Disagree; Don't know,900,53,0.055613850996852045,3,,,self-describing column header,confirmed_column_header,https://zenodo.org/records/21839927
D5,Driving_Employment,38,women empowerement,item_level,fine-grained response item contributing to a potentially distinctive response pattern,women empowerement,categorical text,,,Agree; Disagree; Don't know,900,53,0.055613850996852045,3,,,self-describing column header,confirmed_column_header,https://zenodo.org/records/21839927
D5,Driving_Employment,39,more regulations to enable women into labour market,item_level,fine-grained response item contributing to a potentially distinctive response pattern,more regulations to enable women into labour market,categorical text,,,Agree; Disagree; Don't know,900,53,0.055613850996852045,3,,,self-describing column header,confirmed_column_header,https://zenodo.org/records/21839927
D5,Driving_Employment,40,empowering women economically financillay,item_level,fine-grained response item contributing to a potentially distinctive response pattern,empowering women economically financillay,categorical text,,,Agree; Disagree; Don't know,900,53,0.055613850996852045,3,,,self-describing column header,confirmed_column_header,https://zenodo.org/records/21839927
D5,Driving_Employment,41,achiveing women aims in workplace,item_level,fine-grained response item contributing to a potentially distinctive response pattern,achiveing women aims in workplace,categorical text,,,Agree; Disagree; Don't know,900,53,0.055613850996852045,3,,,self-describing column header,confirmed_column_header,https://zenodo.org/records/21839927
D5,Driving_Employment,42,more confidence for women,item_level,fine-grained response item contributing to a potentially distinctive response pattern,more confidence for women,categorical text,,,Agree; Disagree; Don't know,900,53,0.055613850996852045,3,,,self-describing column header,confirmed_column_header,https://zenodo.org/records/21839927
D5,Driving_Employment,43,equaleness in work and pay,item_level,fine-grained response item contributing to a potentially distinctive response pattern,equaleness in work and pay,categorical text,,,0; 1; 2; Agree; Disagree; Don't know,900,53,0.055613850996852045,6,,,self-describing column header,confirmed_column_header,https://zenodo.org/records/21839927
